{
  "kind": "collectionType",
  "collectionName": "restaurants",
  "info": {
    "singularName": "restaurant",
    "pluralName": "restaurants",
    "displayName": "Restaurant "
  },
  "options": {
    "draftAndPublish": true
  },
  "pluginOptions": {},
  "attributes": {
    "Name": {
      "type": "string"
    },
    "Description": {
      "type": "text"
    },
    "Image": {
      "allowedTypes": [
        "images",
        "files",
        "videos",
        "audios"
      ],
      "type": "media",
      "multiple": true
    }
  }
}
